Last Name,First Name,Email Address,Zipcode,City,State,Address,Homephone,Regdate
Abraham,Alyssa,durnetta@jumpstartlab.com,20008,Washington,DC,"3000 Cathedral Ave, NW",2406455000,1/21/09 0:06
Albeck,Ivey,bxll13@jumpstartlab.com,20008,Washington,DC,"4425 Reno Road, NW",6035627000,1/29/09 22:01
Alvarez,Juliette,luroberts05@jumpstartlab.com,20008,Washington,DC,"2727 29th Street NW, Apt. 323",9733323000,1/19/09 12:05
Amster,Maria,ckongwer@jumpstartlab.com,66046,Lawrence,DC,155 Indian Avenue,No valid phone number,1/30/09 14:16
Anderson,Alejandro,sydy0314@jumpstartlab.com,20016,Washington,DC,4400 Massachusetts Ave NW,9144417000,1/21/09 15:58
Arene-Morley,Megan,fhanchan@jumpstartlab.com,20057,Washington,DC,37th and O Streets NW,2022977000,1/30/09 14:44
Aroneanu,Wesley,efraguza@jumpstartlab.com,20052,Washington,DC,"2021 F St NW, Potomac #1006",9086723000,1/29/09 18:46
Aronoff,Lindsay,aslissanypirg@jumpstartlab.com,20008,Washington,DC,"3000 Cathedral Ave, NW",2406455000,1/20/09 23:50
Astrove,Zack,fkolfgan@jumpstartlab.com,20008,Washington,DC,"3000 Cathedral Ave, NW",2406455000,1/20/09 23:38
Avalos,Jennifer,deiaz@jumpstartlab.com,20010,Washington,DC,3168 17th St NW,4435044000,1/20/09 23:51
Ayers,Leah,vjstevens_2010@jumpstartlab.com,20016,Washington,DC,"3825 Wisconsin Avenue, NW",3016545000,1/21/09 16:36
B,Jenna,wdack.satin.feathers@jumpstartlab.com,20008,Washington,DC,"2727 29th Street NW, Apt. 305",9739021000,1/19/09 11:43
Baimas-George,Katie,svsullivan88@jumpstartlab.com,20009,Washington,DC,1123 Harvard St. unit R,6085169000,12/11/08 11:56
Baird,Stephanie,omani.sheva@jumpstartlab.com,20008,Washington,DC,"3000 Cathedral Ave, NW",2406455000,1/20/09 23:52
Barrett,Jenny,ym1106a@jumpstartlab.com,20016,Washington,DC,4201 Massachusetts Ave NW,5152314000,1/21/09 15:18
Beardsley,Erik,ngangrpl@jumpstartlab.com,20008,Washington,DC,"2727 29th Street NW, Apt. 232",2017863000,1/19/09 11:58
Beckman,Vanessa,leerry.finkel@jumpstartlab.com,66209,Washington,DC,"620 21st Street, NW, #201",9134063000,1/21/09 22:39
Benders,Katey,jdf28@jumpstartlab.com,20008,Washington,DC,"3000 Cathedral Ave, NW",2406455000,1/20/09 23:57
Bennett,Laura,sqerson1@jumpstartlab.com,20036,washington,DC,1616 P Street NW Suite 340,5408883000,2/1/09 23:26
Berlin,Lauren,kff_wehrenjk@jumpstartlab.com,20008,Washington,DC,"3000 Cathedral Ave, NW",2406455000,1/20/09 23:45
Betancourt,Lindsay,fkll11@jumpstartlab.com,20011,"Washington, DC",DC,1507 Gallatin Street NW,2028823000,2/1/09 20:59
Bhalsod,Cameron,eoawrence2@jumpstartlab.com,20016,Washington,DC,4400 Massachusetts Avenue,7173397000,2/1/09 21:29
Billman,Mrinalini,ihnwaax07@jumpstartlab.com,20036,Washington,DC,1616 P Street NW Suite 340,5408883000,2/1/09 23:31
Bischoff,Leila,mkoodman@jumpstartlab.com,20016,Washington,DC,4400 Massachusetts Avenue,7814240000,2/1/09 21:25
Bowling,Melissa,yim138@jumpstartlab.com,20052,Washington DC,DC,736 22nd Street rm 205,6312236000,2/1/09 22:13
Boyyyyy,Kelley,qswolf@jumpstartlab.com,20016,Washington,DC,4400 Massachusetts Avenue,2028851000,2/1/09 20:27
Bryant,Dan,eyrzipan@jumpstartlab.com,20036,Washington,DC,"1608 Rhode Island Ave, NW",5104527000,2/1/09 15:37
Bryant,Jeannie,kkserpe08@jumpstartlab.com,20008,Washington,DC,"2727 29th Street NW, Apt 305",8457973000,1/19/09 11:22
Bulis,Skye,hecameri@jumpstartlab.com,20005,Washington,DC,"1500 Massachusetts Ave, #546",2022138000,1/31/09 13:19
Cao,Medina,dkulger@jumpstartlab.com,20008,Washington,DC,"3000 Cathedral Ave, NW",2406455000,1/21/09 0:22
Cappelli,Aaron,mwgan.foster@jumpstartlab.com,20016,Washington,DC,4400 Massachusetts Avenue,6103248000,2/1/09 20:00
Carbajo,Roxanne,bxlegra.fonda-bonardi@jumpstartlab.com,20008,Washington,DC,"3000 Cathedral Ave, NW",2406455000,1/21/09 0:16
Cardinal,David,ptodallm@jumpstartlab.com,20016,washington,DC,4400 Massachusetts Avenue,4126137000,2/1/09 21:08
Carey,Sally,apu.brazell@jumpstartlab.com,20001,Washington,DC,"702 H St NW, Ste 300",2023192000,1/28/09 11:20
Carpenter,Samuel,wsmanley@jumpstartlab.com,20016,Washington,DC,"3825 Wisconsin Avenue, NW",3016545000,1/21/09 16:05
Chang,Ethan,hhhn.walker@jumpstartlab.com,20036,Washington,DC,"1608 Rhode Island Ave, NW",5106101000,2/1/09 15:29
Chinana,Justin,ipesha226@jumpstartlab.com,20010,Washington,DC,3321 16th St NW,4349891000,12/19/08 12:44
Cormia,Monica,ksf_hellerla@jumpstartlab.com,20057,Washington,DC,"Georgetown University, Village A F206",5163840000,1/31/09 17:26
Coronado,Allison,beblaaron01@jumpstartlab.com,20052,Washington,DC,"2100 I Street, NW, GW University â€“ Lafayette Hall #403",8054481000,2/2/09 10:38
Costa,Olivia,blsmith@jumpstartlab.com,20016,Washington,DC,"3825 Wisconsin Avenue, NW",3016545000,1/21/09 16:32
Costantino,Jason,efochner@jumpstartlab.com,20036,Washington,DC,"1608 Rhode Island Ave, NW",6268406000,2/1/09 15:32
Cotton,Jafar,hroon-van-diest.4@jumpstartlab.com,20036,Washington,DC,1616 P. Street NW Suite 340,5408883000,2/1/09 22:53
Craig,Megan,nslopuppet_o_o@jumpstartlab.com,20007,Washington,DC,1409 37th St.,9172806000,1/17/09 0:38
Crutcher,Jamie3,ssckereg@jumpstartlab.com,20016,Washington,DC,"3825 Wisconsin Avenue, NW",3016545000,1/21/09 16:18
Cunningham,Meaghan,njompsonswartz@jumpstartlab.com,20016,Washington,DC,"3825 Wisconsin Avenue, NW",3016545000,1/21/09 16:27
Davila,Mackenzie,nmkokal@jumpstartlab.com,00000,Washington,DC,4400 Massachusetts Avenue,5417608000,2/1/09 19:49
Davis,Lisa,hg@jumpstartlab.com,20016,Washington,DC,4461 Westover Place,3016754000,1/29/09 16:53
Davis,Nancy,weey.wohlfeld@jumpstartlab.com,04262,Washington,DC,Box 574262 Georgetown University,8452249000,2/1/09 19:13
Davison,Paul,wcll16@jumpstartlab.com,20016,Washington,DC,4400 Massachusetts Avenue,3052835000,2/1/09 21:12
Dawson,Vanessa,casusanrubin@jumpstartlab.com,20052,Washington,DC,"950 24th St, NW, #816",8025982000,1/21/09 23:11
De Soto,Jeanna,kce.chadcarson+4@jumpstartlab.com,20016,Washington,DC,4400 Massachusetts Avenue,2062618000,2/1/09 19:46
DeBuck,Ryan,ghyce_m@jumpstartlab.com,20008,Washington,DC,3000 Cathedral Ave NW,2406455000,1/21/09 14:57
Deveau,Tamer,wgurns4@jumpstartlab.com,20009,Washington,DC,1718 21st Street NW,2029975000,1/29/09 13:33
Doane,Chris,kpilch1@jumpstartlab.com,20057,Washington,DC,Copley G17 Box 573539 Georgetown University,9187069000,1/31/09 8:55
Doe,Rei,fuusso@jumpstartlab.com,20057,Washington,DC,Box 573757,8452249000,1/31/09 16:45
Doe,Vax,nyesoto@jumpstartlab.com,20008,Washington,DC,2727 29th Street NW,3153917000,1/19/09 11:52
Doe,Cody,tkstressneko.lily@jumpstartlab.com,20016,Washington,DC,4400 Massachusetts Avenue,7047378000,2/1/09 22:02
Doe,James,nlhneenampudiyay@jumpstartlab.com,20016,Washington,DC,4400 Massachusetts Ave NW,2674674000,1/21/09 16:09
Doe,Julie,hcilson@jumpstartlab.com,20009,Washington,DC,1620 Argonne Place N.W.,2403937000,1/26/09 20:52
Dolkart,Allison,ieim19@jumpstartlab.com,20052,Washington,DC,2021 F Street NW,6073466000,1/27/09 0:36
Dowd,Karson,klotazewell@jumpstartlab.com,20052,Washington,DC,"2222 Eye Street, NW, #303",3472072000,1/21/09 22:50
Dube,Vanessa,kmbrink08@jumpstartlab.com,20016,Washington,DC,4400 Massachusetts Avenue,4044886000,2/1/09 20:23
Duval,Erica,uasample@jumpstartlab.com,20016,Washington,DC,4400 Massachusetts Avenue,6364899000,2/1/09 21:44
Easter,Caitlin,ghel@jumpstartlab.com,20003,Washington,DC,321 South Carolina Ave SE,3105698000,2/1/09 23:30
Edge,Chris,pcickers@jumpstartlab.com,20016,washington,DC,4400 Massachusetts Avenue,5039988000,2/1/09 20:30
Elion,Lauren,phya_godwin@jumpstartlab.com,20024,Washington,DC,"901 6th St. SW, Apt 414A",6265985000,2/1/09 20:20
Endres,Nate,rmaiorana@jumpstartlab.com,20015,NW,DC,3332 Quesada St.,3109024000,12/19/08 10:40
England,Alison,wlutko@jumpstartlab.com,20009,Washington,DC,1673 Columbia Rd. NW Apt. 400,5084046000,1/30/09 10:37
Evarts,Josh,bnaci@jumpstartlab.com,20016,Washington,DC,"3825 Wisconsin Avenue, NW",3016545000,1/21/09 16:09
Farrell,Jesse,iwee@jumpstartlab.com,20016,Washington,DC,"3825 Wisconsin Avenue, NW",3016545000,1/21/09 16:42
Fitzgerald,One,nplds@jumpstartlab.com,20008,Washington,DC,"3000 Cathedral Ave, NW",2406455000,1/20/09 23:40
Flanagan,Amanda,rrnka@jumpstartlab.com,20016,Washington,DC,"3825 Wisconsin Avenue, NW",3013127000,1/23/09 14:02
Fong,Leslye,xksonVates@jumpstartlab.com,20052,Washington,DC,"2119 H St NW, Crawford #210",7183088000,1/29/09 18:43
Fraissinet,Dan,kggoyer@jumpstartlab.com,20057,Washington,DC,"Box #577150, Georgetown Univ.",8504455000,12/20/08 16:43
Francom Redstone,David,el69703@jumpstartlab.com,20052,Washington,DC,2223 H St NW,3607903000,1/25/09 23:14
Frick,Lucy,xcott33@jumpstartlab.com,20008,Washington,DC,"2727 29th Street NW, Apt. 211",2019134000,1/19/09 11:46
Frys,Melissa,ab136507@jumpstartlab.com,20007,Washington,DC,1302 36th St NW,5418684000,1/29/09 12:08
Furey,Kimberly,jqayes25@jumpstartlab.com,20052,Washington,DC,"950 24th St, NW, #816",6022913000,1/21/09 22:52
Futterman,Jill,dprent08@jumpstartlab.com,20016,Washington,DC,4400 Massachusetts Avenue,5033802000,2/1/09 19:37
Gallenstein,Lisa,qas6240@jumpstartlab.com,20016,Washington,DC,4400 Massachusetts Avenue,6155127000,2/1/09 21:04
Gandi,Blaine,ptbatebob@jumpstartlab.com,20016,Washington,DC,4400 Massachusetts Avenue,6097130000,2/1/09 21:18
Garlick,Elizabeth,vnisha_pavao@jumpstartlab.com,20001,Washington,DC,"702 H St NW, Ste 300",2023192000,1/28/09 11:16
Gasparek,X,qr8602a@jumpstartlab.com,20016,Washington,DC,4400 Massachusetts Avenue,6102954000,2/1/09 21:15
Gaudin,Chelsea,maitenz@jumpstartlab.com,20016,Washington,DC,"3825 Wisconsin Avenue, NW",3016545000,1/21/09 16:52
Geisinger,Lubaba,pqchellefwebb@jumpstartlab.com,20016,Washington,DC,4400 Massachusetts Avenue,5082544000,2/1/09 21:46
Ghaelian,Breena,ugyer20n@jumpstartlab.com,20016,Washington,DC,4400 Massachusetts Avenue,6503036000,2/1/09 20:50
Gibbs,Matthew,gxskag08@jumpstartlab.com,20052,Washington,DC,2222 Eye Street,2023860000,1/21/09 22:47
Gloster,Finn,end211@jumpstartlab.com,20016,Washington,DC,4400 Massachusetts Avenue,4846537000,2/1/09 22:04
Gracey,Allison,fhrlemail1@jumpstartlab.com,20008,Washington,DC,"3000 Cathedral Ave, NW",2406455000,1/20/09 23:48
Graham,Ellen,bkorris@jumpstartlab.com,20001,Washington,DC,58 Bryant Street NW,2026579000,2/1/09 17:59
Gray,Charles,qdrikyassien@jumpstartlab.com,20016,Washington,DC,4400 Massachusetts Avenue,5033802000,2/1/09 19:31
Green,Praween,yswwwwwwwwww@jumpstartlab.com,20016,Washington,DC,4400 Massachusetts Avenue,4437894000,2/1/09 21:01
Green,Jane,cmohan3@jumpstartlab.com,20016,Washington,DC,"3825 Wisconsin Avenue, NW",3016545000,1/21/09 16:49
Guilbeault,Erika,qt336707@jumpstartlab.com,20016,Washington,DC,4400 Massachusetts Ave NW,8563091000,1/21/09 15:51
Gutbrod,Daryl,tknt.jamie@jumpstartlab.com,20008,Washington,DC,2941 Chesapeake St NW,2022562000,1/15/09 16:08
Halter,Guy,rdett.buikema@jumpstartlab.com,20008,Washington,DC,"2727 29th Street NW, Apt. 529",7073373000,1/19/09 12:02
Hankins,SArah,pinalevitsky@jumpstartlab.com,20009,Washington,DC,2022 15th Street NW,4145205000,11/12/08 13:23
Hanson,Winslow,cvtrohmayer@jumpstartlab.com,20016,Washington,DC,"3825 Wisconsin Avenue, NW",3016545000,1/21/09 16:34
Hatcher,Julia,uyliott@jumpstartlab.com,20010,Washington,DC,"1804 Kilbourne Pl NW,",5514865000,1/21/09 20:20
Haut,Rachel,jqisten.greenwald@jumpstartlab.com,20008,Washington,DC,"2727 29th Street NW, Apt. 232",8457973000,1/19/09 11:29
Hecht,Mayrah,htcmseac@jumpstartlab.com,20016,Washington,DC,"3825 Wisconsin Avenue, NW",3016545000,1/21/09 16:14
Hileman,Rosemary,rapsherryx3@jumpstartlab.com,20011,Washington,DC,4110 14th St. NW,7033890000,1/26/09 22:18
Hoepfinger,Emily,buifkin@jumpstartlab.com,20036,washington,DC,1616 P. street NW suite 340,5408883000,2/1/09 23:16
Hoyles,Kyle,kehndoe12@jumpstartlab.com,20036,washington,DC,1616 P. street NW suite 340,5408883000,2/1/09 23:18
Hutton,Matthew,ydwittig@jumpstartlab.com,20057,Washington,DC,"512 McCarthy Hall, Georgetown University",8452249000,1/31/09 15:53
Indvik,Jordan,mbraele@jumpstartlab.com,20016,Washington,DC,"3825 Wisconsin Avenue, NW",3016545000,1/21/09 16:54
J,Megan,gwlter@jumpstartlab.com,20008,Washington,DC,"3000 Cathedral Ave, NW",2406455000,1/21/09 0:11
Jackson,Molly,ofdaroman@jumpstartlab.com,20052,Washington,DC,"950 24th St, NW, #1108",5049947000,1/21/09 23:08
Jenkins,Alexandra,kxnlop316@jumpstartlab.com,20016,Washington,DC,"3825 Wisconsin Avenue, NW",3016545000,1/21/09 16:40
Johnson,Amanda,vqhndoe@jumpstartlab.com,20036,washington,DC,1616 P. street NW suite 340,5408883000,2/1/09 23:10
Kagan,Jorge,utrtjp@jumpstartlab.com,20016,Washington,DC,4400 Massachusetts Avenue,4106520000,2/1/09 20:11
Karoluk,Lucia,wonisegarcia666@jumpstartlab.com,20008,Washington,DC,"2727 29th Street NW, Apt. 305",3157500000,1/19/09 11:35
Kazyak,Rachel,lpmberly.upstill07@jumpstartlab.com,20016,Washington,DC,4400 Massachusetts Ave NW,7174059000,1/21/09 15:55
Keith,Abigail,qinder.buitelaar@jumpstartlab.com,20016,Washington,DC,"3825 Wisconsin Avenue, NW",3016545000,1/21/09 16:45
Kent,Lauren,epygrl7@jumpstartlab.com,20016,Washington,DC,"3825 Wisconsin Avenue, NW",3013127000,1/23/09 13:54
Kneidinger,Sam,pskiha@jumpstartlab.com,20016,Washington,DC,4400 Massachusetts Avenue,5055630000,2/1/09 20:19
Kraft,Molly,qncarter@jumpstartlab.com,20036,Washington,DC,"2000 N Street, NW",6174808000,2/1/09 19:36
Krautheim,Alicia,vnrossm2@jumpstartlab.com,20016,Washington,DC,4400 Massachusetts Avenue,2702821000,2/1/09 20:36
Kristian,William,xokelly@jumpstartlab.com,20011,Washington,DC,812 Randolph St. NW,6036615000,1/5/09 15:32
Kubica,Ashley,pldrew.mariotti@jumpstartlab.com,20016,Washington,DC,4400 Massachusetts Avenue,7814796000,2/1/09 21:54
Kurdyla,Jessie,etcooke11@jumpstartlab.com,20008,Washington,DC,"2915 Connecticut Avenue, NW Apt. 207",8059075000,1/7/09 10:57
Lade,Sophie,cpagenkn@jumpstartlab.com,20009,Washington,DC,2505 13th St. NW,3214804000,1/12/09 2:55
Lambert-Williams,Samuel,emapman.elisabeth@jumpstartlab.com,20036,washington,DC,1616 P. street NW suite 340,5408883000,2/1/09 23:24
Lancaster,Kristen,xuller@jumpstartlab.com,20036,Washington,DC,"1255 New Hampshire Ave NW, Apt 108",2604600000,2/1/09 14:09
Langone,Sierra,jbmcwilliams@jumpstartlab.com,20008,Washington,DC,"3000 Cathedral Ave, NW",2406455000,1/21/09 0:09
Larsson,David,cwtchell67@jumpstartlab.com,00000,Washington,DC,1608 Rhode Island Ave NW,5176554000,1/31/09 21:44
Le,Grant,xlielke@jumpstartlab.com,20016,Washington,DC,"3825 Wisconsin Avenue, NW",3016545000,1/21/09 16:13
Lee Tan,Miranda,bbeyward09@jumpstartlab.com,20007,Washington,DC,2531 Q St. NW Apt. 205,2025467000,2/1/09 18:30
Lenhart,Elizabeth,xwmmerlek@jumpstartlab.com,20016,Washington,DC,"3825 Wisconsin Avenue, NW",3013127000,1/23/09 13:43
Leung,Lala,vsmcneal@jumpstartlab.com,20009,Washington,DC,2505 13th St. NW,5613391000,1/12/09 2:57
Liakos,B,urviroaction@jumpstartlab.com,20036,washington,DC,1616 P. street NW suite 340,5408883000,2/1/09 23:13
Light,Rufio,itristinalouisebell@jumpstartlab.com,20036,Washington DC,DC,1608 Rhode Island Ave,4156997000,2/1/09 14:57
Lobue,Kim,tclpert@jumpstartlab.com,20016,Washington,DC,"3825 Wisconsin Avenue, NW",3013127000,1/23/09 13:56
Locascio,Ralph,eey.mehulebrun@jumpstartlab.com,20036,washington,DC,1616 P. street NW suite 340,5408883000,2/1/09 23:20
Lochner,Meredith,mosheridan@jumpstartlab.com,20016,Washington,DC,4400 Massachusetts Ave NW,6103340000,1/21/09 16:06
Lupolt,Bryce,qclese_11@jumpstartlab.com,20036,Washington,DC,"1608 Rhode Island Ave, NW Apt 908",8314197000,2/2/09 0:55
Lutch,Adrienne,bmalprin@jumpstartlab.com,20016,Washington,DC,4400 Massachusetts Avenue,6108585000,2/1/09 21:58
Mack,Rachel,kjaru@jumpstartlab.com,20016,Washington,DC,"3825 Wisconsin Avenue, NW",3013127000,1/23/09 14:05
McCole,Allyson,ixlmeida@jumpstartlab.com,20016,Washington,DC,"3825 Wisconsin Avenue, NW",3013127000,1/23/09 13:40
Mclaren,Fiona,wyohr@jumpstartlab.com,20008,Washington,DC,"2727 29th Street NW, Apt. 232",3158255000,1/19/09 12:07
McLaughlin,Callie,gdacyjamesrossi2@jumpstartlab.com,20017,Washington,DC,"391 Michigan Ave., NE",2025523000,12/19/08 13:19
McLoughlin,Holly,if338@jumpstartlab.com,20016,Washington,DC,4400 Massachusetts Avenue,5417608000,2/1/09 19:56
Melas,Kyle,mbduan08@jumpstartlab.com,20007,Washington,DC,1409 37th St. NW,3107798000,1/26/09 12:52
Mellace,Roxanna,lvarnswo@jumpstartlab.com,00000,Washington,DC,"1723 Webster St, NW",7733302000,1/22/09 8:16
Mellen,Jessica,egm118@jumpstartlab.com,20016,Washington,DC,"3825 Wisconsin Avenue, NW",3016545000,1/21/09 16:16
Meyer,Ileana,slnny.woldorf@jumpstartlab.com,20016,Washington,DC,4400 Massachusetts Avenue,57098292000,2/1/09 20:43
Mike-Bidtah,Sandy,sytrm6@jumpstartlab.com,20016,Washington,DC,4400 Massachusetts Ave NW,2036876000,1/21/09 15:41
Milem,Rachel,vvurphy3@jumpstartlab.com,20052,Washington,DC,"2021 F Street, NW, #921",3303889000,1/21/09 23:00
Miller,Stephanie,put.springer@jumpstartlab.com,20007,Washington,DC,3636 T St. NW,2024685000,2/1/09 2:36
Modawal,Sean,ufmPalley@jumpstartlab.com,20009,Washington,DC,1718 Connecticut Ave. NW Suite 300,2022327000,12/19/08 13:15
Mohammed,Katelyn,vxpl3@jumpstartlab.com,20036,washington,DC,1616 P. street NW suite 340,5408883000,2/1/09 23:07
Mostow,Boris,rcrdos12@jumpstartlab.com,20016,washington,DC,4400 Massachusetts Avenue,6312415000,2/1/09 21:36
Murillo,Sofia,lpohen@jumpstartlab.com,20001,Washington,DC,"702 H St, suite 300",2023192000,12/8/08 20:31
Murphy,Michael,bxthewsm@jumpstartlab.com,20009,Washington,DC,1718 Connecticut Ave. NW Suite 300,2022327000,12/19/08 13:16
Nelson,Christian,vkchel.neuschatz@jumpstartlab.com,20052,Washington,DC,"2031 F Street, NW",2019191000,1/21/09 23:46
Nguyen,Allison,arannon@jumpstartlab.com,20010,Washington,DC,3155 19th St NW,6154385000,11/12/08 10:47
O'Neill,Aidan,uhham.christie@jumpstartlab.com,20036,washington,DC,1616 P. street NW suite 340,5408883000,2/1/09 23:01
Oblisk,Nathalie,ryaole@jumpstartlab.com,20052,Washington,DC,"2350 H St NW, New Hall 707",4433866000,1/29/09 18:39
Oh,Laura,ball0166@jumpstartlab.com,20008,Washington,DC,"3000 Cathedral Ave, NW",2406455000,1/20/09 23:35
Oheim,Stephen,kuack@jumpstartlab.com,20052,Washington,DC,"1900 F St NW, Thurston #418",4103020000,1/29/09 18:56
Oldershaw,Kelly,rlandros@jumpstartlab.com,20057,Washington,DC,"Harbin 726, Georgetown University",5177127000,2/1/09 19:13
Ortega,Aurora,yfr42@jumpstartlab.com,20024,Washington,DC,520 N St SW,2025543000,12/19/08 12:38
Otukoya,Natalie,kq454969@jumpstartlab.com,20016,Washington,DC,"3825 Wisconsin Avenue, NW",3016545000,1/21/09 16:29
Parvaz,Winter,knllyhorak@jumpstartlab.com,20016,Washington,DC,4400 Massachusetts Avenue,8178747000,2/1/09 21:28
Peavler,Jen,wyate2@jumpstartlab.com,20008,Washington,DC,"3000 Cathedral Avenue, NW",2406455000,1/20/09 23:29
Peffier,Astrid,alcoolfool@jumpstartlab.com,20016,Washington,DC,4400 Massachusetts Avenue,4015788000,2/1/09 21:41
Peterson,Abby,jweise@jumpstartlab.com,20036,Washington,DC,"1608 Rhode Island Ave, NW",3236870000,2/2/09 0:44
Pfeiffer,Ansally,pltanich@jumpstartlab.com,20052,Washington,DC,"2124 Eye St NW, West End #506",9083074000,1/29/09 18:04
Phillips,Laura,xgarotzky@jumpstartlab.com,20017,Washington,DC,1217 Franklin St NE,6035628000,2/1/09 21:31
Pomeroy,Tom,gkackwella2@jumpstartlab.com,20036,Washington,DC,1616 P Street NW Suite 340,5408883000,2/1/09 23:34
Porter,Nicole,iqryars11@jumpstartlab.com,20036,Washington,DC,1608 Rhode Island Ave. NW #708,5105080000,2/1/09 22:49
Powers,Teen,ren@jumpstartlab.com,20016,Washington,DC,4400 Massachusetts Avenue,57098292000,2/1/09 20:34
Rasmussen,Dominique,gaffey@jumpstartlab.com,20016,Washington,DC,4400 Massachusetts Avenue,8599485000,2/1/09 19:42
Reilly,Sasha,faomas.Berlangera@jumpstartlab.com,20007,Washington,DC,1928 38th ST NW,7068322000,1/27/09 10:48
Rempel,K,ry5309a@jumpstartlab.com,20036,washington,DC,1616 P. street NW suite 340,5408883000,2/1/09 23:05
Roe,Cara,ijurf@jumpstartlab.com,20052,Washington,DC,"736 22nd St NW, Room 706",6175296000,2/1/09 12:54
Rojas,Lucia,hlujaeagles@jumpstartlab.com,20016,Washington,DC,"3825 Wisconsin Avenue, NW",3013127000,1/23/09 13:50
Rotman,Eva,cgngo8456@jumpstartlab.com,20017,Washington,DC,PO Box 29132,2027564000,12/19/08 13:30
Roux,Anika,clanessaj@jumpstartlab.com,20003,Washington,DC,215 Pennsylvania Ave. SE 3rd FL,7735692000,2/2/09 10:45
Rowe,Paula,ggbin.averbeck@jumpstartlab.com,20016,Washington,DC,"3825 Wisconsin Avenue, NW",3013127000,1/23/09 14:01
Rudderman,Michelle,fwchtywr@jumpstartlab.com,20057,Washington,DC,Georgetown University Kennedy K-227,8473478000,2/2/09 0:52
Sachs,Lee,bwd6273@jumpstartlab.com,20017,Washington,DC,1225 Otis St NE,2026352000,12/19/08 12:49
Saretzky,Molly,vcsh7444@jumpstartlab.com,20009,Washington,DC,"2022 15th Street, NW",2023862000,1/31/09 13:14
SAUNDERS,Greg,jyukhov@jumpstartlab.com,20008,Washington,DC,"3000 Cathedral Ave, NW",2406455000,2/2/09 12:34
Schafer,Cress,sodolgin@jumpstartlab.com,20052,Washington,DC,"620 21st Street, NW",No valid phone number,1/21/09 23:05
Scholnick,Kate,xrvanals@jumpstartlab.com,20036,Washington,DC,"1608 Rhode Island Ave, NW",3236870000,2/2/09 0:50
Schreck,Jamie,jdeley11@jumpstartlab.com,20001,Washington,DC,1515 3rd St. NW,3303042000,2/1/09 13:35
Schwaller,Dan,tfpomeroy@jumpstartlab.com,20016,Washington,DC,4400 Massachusetts Avenue,4158470000,2/1/09 20:07
Seithers,Troy,vtottc@jumpstartlab.com,20016,Washington,DC,4400 Massachusetts Avenue,7176693000,2/1/09 20:38
Shamel,Madeline,wq1luv@jumpstartlab.com,20016,Washington,DC,"3825 Wisconsin Avenue, NW",3016545000,1/21/09 16:03
Shearer,Ryan,hollins.756@jumpstartlab.com,20024,Washington,DC,901 6th St. SW Apt 414A,6262906000,2/1/09 20:30
Shillingford,Perry,sryers@jumpstartlab.com,20016,Washington,DC,4400 Massachusetts Avenue,9788558000,2/1/09 20:14
Siegel,Meagan,ifhirih.alia@jumpstartlab.com,20016,Washington,DC,"3825 Wisconsin Avenue, NW",3016545000,1/21/09 16:38
Sikes,Kimberly,er00168456@jumpstartlab.com,20007,Washington,DC,3626 T St,2022561000,1/31/09 23:02
Silva,Jennifer,qpfox@jumpstartlab.com,20016,Washington,DC,4400 Massachusetts Ave NW,2024577000,1/21/09 16:02
Singh,Anita,xjlomo68@jumpstartlab.com,20052,Washington,DC,"1900 F St NW, Thurston #221",4407259000,1/29/09 18:50
Six,Nicole,un404607@jumpstartlab.com,20036,washington,DC,1616 P. street NW suite 340,5408883000,2/1/09 22:58
Smith,Kasey,yochellejcoker@jumpstartlab.com,20036,Washington,DC,1727 Massachusetts Ave NW,2025880000,2/1/09 14:41
Sorenson,Einer,sxafcook@jumpstartlab.com,20016,Washington,DC,"3825 Wisconsin Avenue, NW",3013127000,1/23/09 13:47
Sosin,Simone,kferriam@jumpstartlab.com,20005,Washington,DC,1333 H St. NW 1st Floor,2024818000,2/2/09 10:07
Starodaj,Adam,fkorterfield@jumpstartlab.com,20008,Washington,DC,"3000 Cathedral Ave, NW",2406455000,1/21/09 0:14
Stevens,Kayla,vda2@jumpstartlab.com,20016,Washington,DC,"3825 Wisconsin Avenue, NW",3016545000,1/21/09 16:47
Stevenson,Melanie,jebergma@jumpstartlab.com,20010,Washington,DC,3646 Warder St. NW,2022703000,12/19/08 12:32
Stoneking,Alan,euizabethlev@jumpstartlab.com,20008,Washington,DC,"2727 29th Street NW, Apt. 529",6462582000,1/19/09 11:49
Swartwood,Connie,btndguage@jumpstartlab.com,20016,Washington,DC,4400 Massachusetts Avenue,5169967000,2/1/09 21:21
Taylor,Donna,hmisJohnsonPS@jumpstartlab.com,20007,Washington,DC,1409 37th St NW,2157150000,12/20/08 14:05
Ther,Mary,hobdul27@jumpstartlab.com,20009,Washington,DC,1858 California St. NW #41,2024942000,1/27/09 10:44
Tourneville,Ashley,wcbutler@jumpstartlab.com,20016,Washington,DC,"3825 Wisconsin Avenue, NW",3016545000,1/21/09 16:51
Tran,Lacey,whsouza@jumpstartlab.com,20016,Washington,DC,"3825 Wisconsin Avenue, NW",3013127000,1/23/09 13:36
Trowbridge,Kristina,oumandrell@jumpstartlab.com,20002,Washington,DC,"110 Maryland Ave., NE, Suite 108",2024816000,12/19/08 12:58
Tsuji,Annelise,hrchaelaraman@jumpstartlab.com,20002,Washington,DC,235 2nd St NE,No valid phone number,1/30/09 14:29
Two,Jacob,cyvid@jumpstartlab.com,20016,Washington,DC,4400 Massachusetts Ave NW,2155275000,1/21/09 15:47
Two,Christi,xdolec1@jumpstartlab.com,20008,Washington,DC,3003 Van Ness St. NW #S606,2023027000,1/24/09 22:01
Vandeputte,Ashley,owzapf@jumpstartlab.com,20016,Washington,DC,"3825 Wisconsin Avenue, NW",3016545000,1/21/09 16:25
Vanegas,Meghan,bu@jumpstartlab.com,20008,Washington,DC,"3000 Cathedral Ave, NW",2406455000,1/20/09 23:43
Varlese,Catherine,gusonsm@jumpstartlab.com,20002,washington,DC,800 florida ave ne #1224,5106577000,1/27/09 13:37
Vernon,Joe,xkmes.p.gilchrist@jumpstartlab.com,20007,Washington,DC,3636 T St. NW,7209348000,2/1/09 13:06
Veysey,Alicia,cyaen1.arnold@jumpstartlab.com,20016,Washington,DC,"3825 Wisconsin Avenue, NW",3016545000,1/21/09 16:10
Vig,Annelies,orrek.j.roy@jumpstartlab.com,20016,Washington,DC,http://410woman.googlepages.com,3013127000,1/23/09 14:07
Viglietta,Maura,updkinss@jumpstartlab.com,20011,Washington,DC,4110 14th St. NW,9174074000,1/26/09 22:22
Vyas,Raymond,gwdela10@jumpstartlab.com,20052,Washington,DC,"2222 Eye Street, NW, #302",8604784000,1/21/09 23:13
Wadsworth,Kelsey,cmartzel@jumpstartlab.com,20024,Washington,DC,901 6th St. SW Apt 414A,9495478000,2/1/09 19:59
Walters,Kelsey,hctthew.kramer@jumpstartlab.com,20016,Washington,DC,"3825 Wisconsin Avenue, NW",3013127000,1/23/09 13:45
Weber-Shirk,Torsten,ggd2543@jumpstartlab.com,20036,Washington,DC,1616 P Street NW Suite 340,5408883000,2/1/09 23:30
Weisberg,Alicia,nuagnoni@jumpstartlab.com,20016,Washington,DC,"3825 Wisconsin Avenue, NW",3016545000,1/21/09 16:31
Weitner,Kelsy,bxBurdiss@jumpstartlab.com,20016,Washington,DC,"3825 Wisconsin Avenue, NW",3016545000,1/21/09 16:23
Wichman,Jennifer,vehns1jm@jumpstartlab.com,20016,Washington,DC,4400 Massachusetts Avenue,5032587000,2/1/09 20:03
Wilson,Monica,rblary@jumpstartlab.com,20016,Washington,DC,4400 Massachusetts Ave NW,2012085000,1/21/09 15:27
Wojtalewicz,Kate,pfdasamc@jumpstartlab.com,20052,Washington,DC,"950 24th St, NW, #413",4135393000,1/21/09 22:56
Xx,Kendra,ygalabre@jumpstartlab.com,20008,Washington,DC,"3000 Cathedral Ave, NW",2406455000,1/20/09 23:55
Xx,Laura,abnedoe3@jumpstartlab.com,20008,Washington,DC,"2601 Woodley Place NW, Apt 813",8026594000,1/18/09 2:48
Xx,Althea,udsaw87@jumpstartlab.com,20008,Washington,DC,"3000 Cathedral Ave, NW",2406455000,1/21/09 0:24
Zapfel,Adriana,vemusic@jumpstartlab.com,20008,Washington,DC,"3000 Cathedral Ave, NW",2406455000,1/21/09 0:18
Zeller,John,eyudartj@jumpstartlab.com,20036,Washington,DC,"1608 Rhode Island Ave, NW",8057662000,2/1/09 15:44
Zimmerman,Adam,jal08d@jumpstartlab.com,20016,Washington,DC,"3825 Wisconsin Avenue, NW",3016545000,1/21/09 16:44
Zipin,Brian,wwshaw@jumpstartlab.com,20016,Washington,DC,"3825 Wisconsin Avenue, NW",3013127000,1/23/09 13:03
